item,itemLabel,constituency,startDate,endDate,psid
Q10290285,محمدمهدی زاهدی,Q28712705,2020-05-27,,Q10290285-A0153F70-5951-44DC-9B55-7300B8AEB585
Q104530166,حسین رجایی ریزی,Q23682837,2020-05-27,,Q104530166-37CD5746-011A-4209-8528-1602FB821A32
Q104530267,مجتبی بخشیپور,Q28712718,2020-05-27,,Q104530267-6C0C335C-F115-400E-8088-45E63F3F24D0
Q104889199,غلامرضا شریعتی اندراتی,Q26253602,2020-05-27,,Q104889199-4476776D-224E-4B51-8FB2-B56470CAD5F1
Q105124375,علیرضا عباسی (نماینده),Q22001293,2020-05-27,,Q105124375-B7D35565-5B24-42E4-B6DC-D9979DF3D1AE
Q107101911,مهدی باقری,Q25433683,2020-05-27,,Q107101911-6EBB0480-138A-4D52-B02F-335A109CE691
Q107506657,حسین حاتمی (سیاستمدار),Q25433280,2020-05-27,,Q107506657-86DA743F-18B5-4DF7-910D-57AF339A0607
Q107572600,ابراهیم رضایی,Q24043502,2020-05-27,,Q107572600-CC57BCB2-5BAE-4827-A92E-450FC650E6EC
Q10858287,مرتضی آقاتهرانی,Q21177771,2020-05-27,,Q10858287-7C13E266-4C50-49C8-B06B-E6069BDD4C55
Q109549842,عبدالجلال ایری,Q28712755,2020-05-27,,Q109549842-6C8E541C-9D4C-41D6-89B2-853704D9F9B6
Q109550044,بهزاد علیزاده,Q25433609,2020-05-27,,Q109550044-312BBEFF-23EC-4142-BB11-ECB7DBBDAEBD
Q1342153,فریدون عباسی دوانی,Q26207274,2020-05-27,,Q1342153-DDAC7307-D73A-4DCB-9F31-149BA99C33A6
Q16044796,اللهوردی دهقانی,Q20731314,2020-05-27,,Q16044796-C10452AB-0BC8-4BDD-A50B-B6C54E2138DF
Q16045275,سید امیرحسین قاضیزاده هاشمی,Q25433746,2008-05-27,2021-09-12,Q16045275-92530f61-4416-ab30-ff88-30a538effd73
Q16045325,سید حاجی محمد موحد,Q25433283,2020-05-27,,Q16045325-D200B329-E497-4939-8FD8-C5F5456E661D
Q16045693,انور حبیبزاده بوکانی,Q25433465,2020-05-27,,Q16045693-4DC57722-D10A-4660-B8DA-4AB2C8BE3D3E
Q16045746,رجب رحمانی,Q26207279,2020-05-27,,Q16045746-CA3D5DD8-256C-4CF3-84F5-3475CFAC5DAB
Q16045770,سید کاظم دلخوش اباتری,Q28712774,2020-05-27,,Q16045770-D355169A-674E-47BC-8F47-5D94416507DD
Q16045787,سید کاظم موسوی,Q20987735,2020-05-27,,Q16045787-4C0C7DCD-83F2-43B0-8572-74D8FEC30AD9
Q16045837,رحمتالله نوروزی,Q28712754,2020-05-27,,Q16045837-3CB4B089-4AD7-4414-AE9B-8B09B277EEEC
Q16045860,رحیم زارع,Q28712655,2020-05-27,,Q16045860-143F220D-9ABB-4753-A3D8-B67753C92266
Q16046015,سیدموسی موسوی,Q26207271,2020-05-27,,Q16046015-FC066A3F-7168-405F-BAB6-53CD72620E1F
Q16046552,ابوالفضل ابوترابی,Q23682834,2020-05-27,,Q16046552-EE3C5BBF-681A-4122-A98B-9F6DA53C717F
Q16046756,وحید جلالزاده,Q24175791,2020-05-27,,Q16046756-79050130-77FE-4C78-8F57-B2F9C153D4D0
Q16047026,روبرت بگلریان,Q25433334,2020-05-27,,Q16047026-A09F66CA-F5A5-4E7E-AE63-0E082701EB47
Q16047071,احمد آوایی,Q23682796,2020-05-27,,Q16047071-FC1DF33A-30C7-413E-989C-43EBB7727982
Q16047110,احمد امیرآبادی فراهانی,Q25432783,2020-05-27,,Q16047110-78FEC3D1-3836-48E4-88FC-971FF0E61187
Q16047148,احمد جباری,Q28712726,2020-05-27,,Q16047148-2BDAD723-ADCF-408D-A033-E6F8F02E818C
Q16047184,احمد رسولینژاد,Q25432992,2020-05-27,,Q16047184-2248D3BE-CA93-4452-A5A5-77B7186F5E7E
Q16047240,ولی اسماعیلی,Q23682808,2020-05-27,,Q16047240-905D968E-80CD-447A-83D3-86349FC5C784
Q16047315,مصطفی رضاحسینی قطبآبادی,Q28712713,2020-05-27,,Q16047315-BE43D164-E924-42C2-8487-E0321989EA51
Q16047595,شبیب جویجری,Q25433229,2020-05-27,,Q16047595-A65B66C0-8CAD-4D6B-8993-6F3AE3775DEC
Q16048267,شهباز حسنپور بیگلری,Q28712708,2020-05-27,,Q16048267-C4E2F227-DEF5-46EB-87A2-3B60E4124D28
Q16048365,جبار کوچکینژاد ارم ساداتی,Q5702688,2020-05-27,,Q16048365-B0C6D442-6ED8-4E32-989B-56B85A2264F0
Q16048379,منصور آرامی,Q28712728,2020-05-27,,Q16048379-E7724A50-0565-4CFD-A161-2BDD5301D470
Q16048408,زهره الهیان,,2020,,Q16048408-8799687d-494c-cf8f-e216-b7e5b57b0813
Q16048714,جعفر قادری,Q28712651,2020-05-27,,Q16048714-01FC4503-CA51-4268-9623-3FDA27A3E790
Q16048820,جلال محمودزاده,Q25433466,2020-05-27,,Q16048820-85370EBA-86F1-4434-A4AD-B4D342639B88
Q16048831,علیرضا منادی سفیدان,Q20729886,2020-05-27,,Q16048831-EABA0887-795C-4A42-A516-B977EF80421D
Q16048999,اسماعیل کوثری,Q21177771,2020-05-27,,Q16048999-70A959FB-B62C-47DC-953E-0CC1FCC82BA6
Q16049017,علیاصغر عنابستانی,Q24175823,2020-05-27,,Q16049017-62C6E0F0-281B-40C9-8B9A-088F6349FA22
Q16049114,مهدی عیسیزاده,Q25433596,2020-05-27,,Q16049114-5CA8E2BA-95D0-4502-86F8-1679A89CB8B8
Q16049488,عیسی جعفری,Q25433502,2020-05-27,,Q16049488-114A7A4D-B234-46F4-9BF5-A892EA86708A
Q16049928,حبیب آقاجری,Q25433238,2020-05-27,,Q16049928-AAFA4305-1B0B-4FA7-BA22-A38F3D41512D
Q16050184,موسی احمدی,Q24043499,2020-05-27,,Q16050184-8C9EC338-F0FB-4FA6-8991-8105454DBF84
Q16050247,موسی غضنفرآبادی,Q28712706,2020-05-27,,Q16050247-D02AFFDB-018E-40D9-863D-6FB8A7561902
Q16050440,حسن رزمیان مقدم,Q25433786,2020-05-27,,Q16050440-CB912CCB-7837-4C0A-9429-588CAF60635E
Q16050695,حسن نوروزی,Q25432994,2020-05-27,,Q16050695-D465CB46-392E-46E2-A3C0-CB451B9D4CCB
Q16051226,حسین نوشآبادی,Q25432991,2020-05-27,,Q16051226-E3868B9C-982D-4F51-BE95-0FB3AB6AE9C6
Q16051290,مجید ناصرینژاد,Q23682795,2020-05-27,,Q16051290-D3F764E4-AFE4-40F9-935E-1A527EB6F21B
Q16051324,حسینعلی حاجی دلیگانی,Q25433211,2020-05-27,,Q16051324-6F205EA6-DDE7-4C39-A251-0E12BE8C0E4E
Q16051327,فریدون حسنوند,Q25433226,2020-05-27,,Q16051327-EDF74765-4422-4A7A-997D-81EF85AE8031
Q16051546,عزتالله اکبری تالارپشتی,Q21177771,2020-05-27,,Q16051546-AE760F56-A8E4-4EDA-8D4B-6F12230D18AC
Q16051705,محمد آشوری تازیانی,Q28712728,2020-05-27,,Q16051705-A11995CC-3190-4620-B653-CD6CC678751D
Q16051790,محمد باقری,Q25433266,2020-05-27,,Q16051790-5010CA35-0611-46E8-A2B5-CEE0BD6D3EFC
Q16052838,محمدحسین حسینزاده بحرینی,Q25433746,2020-05-27,,Q16052838-3F300050-6470-463E-A4FA-42BCEF0195CF
Q16053021,محمدرضا رضایی کوچی,Q16047004,2020-05-27,,Q16053021-812DF4F5-329B-4B0C-9A33-9957C057D8B1
Q16053027,جواد کریمی قدوسی,Q25433746,2020-05-27,,Q16053027-B04094D8-74B7-4DE9-B624-67ACACAB9E3F
Q16053175,محمدرضا پورابراهیمی داورانی,Q28712705,2020-05-27,,Q16053175-F02632F3-F094-4528-AF0D-227F3C0C0F2B
Q16053397,عبدالکریم جمیری,Q24043503,2020-05-27,,Q16053397-59CB502B-3D08-4E94-8320-9DA029F808D3
Q16053472,غلامرضا نوری قزلجه,Q25433268,2020-05-27,,Q16053472-01655B49-2EE1-4CB7-A79C-7510F724472A
Q16053491,روحالله عباسپور,Q26207280,2020-05-27,,Q16053491-4CF50E70-73D5-4C7E-B354-D067C17E63E5
Q16053526,علی کریمی فیروزجایی,Q24175819,2020-05-27,,Q16053526-E7FC6881-EE37-486D-8148-2FC8666DE004
Q16053789,محمود احمدی بیغش,Q25433830,2020-05-27,,Q16053789-AFBA1970-4665-4D54-8090-74A202A10306
Q16053875,محمود عباسزاده مشکینی,Q23682807,2020-05-27,,Q16053875-5429E1E5-AD3E-4EF1-BC34-CE5FF70D6913
Q16074516,محمدحسن آصفری,Q25938145,2020-05-27,,Q16074516-06BD7855-3D4B-4F3B-BCED-EEA738BB6926
Q16074922,کمال علیپور خنکداری,Q25433051,2020-05-27,,Q16074922-CA212330-2D54-4365-A52D-3485D1CBC2E6
Q17465579,محمد علیپور رحمتی,Q25433602,2020-05-27,,Q17465579-6B4CE7CB-7687-471F-BE9C-D0FE2607C8D5
Q180840,سید شمسالدین حسینی,Q26253601,2020-05-27,,Q180840-463C0AA0-9CFB-4241-A14E-EE69D8096993
Q23024142,مجتبی ذوالنور,Q25432783,2020-05-27,,Q23024142-1E694BF4-2954-45DF-9544-43EC6C6DBE61
Q23038966,صدیف بدری,Q20987735,2020-05-27,,Q23038966-C5505D3F-5399-463B-8D8F-F420CFE0ACDC
Q23893951,علی اکبر کریمی,Q25938145,2020-05-27,,Q23893951-7E80F1DE-2F5E-4EE6-92FD-00F834EC5301
Q23893952,احمد مرادی,Q28712728,2020-05-27,,Q23893952-1985B63E-942F-454C-8B3F-7F7C1B26EAFA
Q24175806,عباس گودرزی بروجردی,Q28712780,2020-05-27,,Q24175806-6BAFC824-5272-4530-A790-CEB2C9F292D9
Q24175807,احد آزادیخواه,Q25433522,2020-05-27,,Q24175807-EC4EDD8D-AEFB-4731-8441-574D685EC7C9
Q24175810,سید جواد حسینی کیا,Q28712720,2020-05-27,,Q24175810-A67B4106-45FF-4A77-8566-68AA941F5B25
Q24175839,اصغر سلیمی,Q25433213,2020-05-27,,Q24175839-58D1B41F-947F-44CA-BD41-44BCFD3521FF
Q24283713,روحالله حضرتپور طلائیه,Q24175791,2020-05-27,,Q24283713-2EEFDF7C-D24A-4095-A33B-6BEDD5DDB60A
Q25425165,قاسم ساعدی,Q23682793,2020-05-27,,Q25425165-C34C0108-EC8A-48A7-832D-459FACE167E5
Q25425171,جلیل مختار,Q25433228,2020-05-27,,Q25425171-DC77D419-5EC0-4562-82E4-5FD2FD237997
Q25425181,جلیل رحیمی,Q25433757,2020-05-27,,Q25425181-7D8E99EC-E6E7-48F3-9D18-D46E794B484E
Q25425205,هاجر چنارانی,Q5943900,2020-05-27,,Q25425205-FE0280ED-179D-4F34-AE65-C722C11CEF54
Q25425304,سید حمیدرضا کاظمی,Q28712782,2020-05-27,,Q25425304-B7F07CE8-2CD6-4731-AD2F-400C6C5446A8
Q25425311,محمد خدابخشی,Q28712779,2020-05-27,,Q25425311-04B41F76-8767-4533-8380-7FF5BDB66512
Q25425351,مهدی فرشادان,Q28712688,2020-05-27,,Q25425351-9289A250-DE45-42C4-A271-0AD3FFDEB68F
Q25425358,سید حمزه امینی,Q25433273,2020-05-27,,Q25425358-0182BCC3-B7EE-464D-86C7-E8F0B08F41A2
Q25425368,سهراب گیلانی,Q23682791,2020-05-27,,Q25425368-B64502D5-201D-4CA0-BB6D-69BFEC6ECD07
Q25425391,سید صادق طباطبایی نژاد,Q25433200,2020-05-27,,Q25425391-A865ECD3-77E7-4468-A908-4C4D1A476C4E
Q25425402,سید جواد ساداتی نژاد,Q23682840,2020-05-27,,Q25425402-C0761C94-D256-4553-A18C-3DEF338969F4
Q25425416,سید احسان قاضیزاده هاشمی,Q25433795,2020-05-27,,Q25425416-554B9E96-BAF7-4FB2-86A0-2EEE2845E22D
Q25425417,مرتضی خاتمی,Q25433678,2020-05-27,,Q25425417-38CDB09D-DB10-4F3D-B718-C2B136EC9880
Q25425593,محمدرضا صباغیان بافقی,Q25433122,2020-05-27,,Q25425593-7A52BA5F-40EF-451D-B7E1-E3B6B2E5CAD6
Q25425598,سمیه محمودی,Q24519295,2020-05-27,,Q25425598-18973EB9-808D-4EAD-BA6B-7B77CDC48956
Q25425620,حسن لطفی,Q25433505,2020-05-27,,Q25425620-6BBE57BA-4AD2-48C1-B7AF-8DD14695305D
Q25425687,یوسف داوودی,Q25433018,2020-05-27,,Q25425687-BBA9C74A-DBE9-4540-B1CB-5A5760F11F2B
Q26849025,غلامعلی کوهساری,Q28712752,2020-05-27,,Q26849025-099FC9E5-6251-4307-B2CD-D9FD79764C30
Q28713067,سید ناصر حسینیپور,Q25433281,2020-05-27,,Q28713067-10BF07A4-8E07-4DBF-8950-6AF47BDF9DB1
Q28713701,محمدرضا دشتی اردکانی,Q25433123,2020-05-27,,Q28713701-6695B183-E863-4B0D-81C0-2B6F95FF8F3C
Q29018332,محمود نبویان,Q21177771,2020-05-27,,Q29018332-BB496781-E870-4D4B-8F40-A4E96AC9C66D
Q336363,علی لاریجانی,Q25432783,2008-05-28,,Q336363-AFC2D572-A075-4C64-BAE8-5AAB0D75010A
Q42532452,عبدالحسین روحالامینی,Q21177771,2020-05-27,,Q42532452-34E560F3-8636-4443-97D3-99485A8BEA2E
Q4392343,رضا تقیپور,Q21177771,2020-05-27,,Q4392343-6554C529-B831-443F-AEA1-38FCCB08BAE2
Q4665108,عبدالرضا مصری,Q28712715,2020-05-27,,Q4665108-C26DE48F-15A6-4625-8EF0-DD9C7AC22A99
Q4724563,سید علی آقازاده دافساری,Q5702688,2020-05-27,,Q4724563-BDDBC2D2-9619-4551-8D98-74759579A9B5
Q4725098,علی نیکزاد,Q20987735,2020-05-27,,Q4725098-E059AD1E-4041-4CB5-928F-DC63CB83E001
Q52295880,علیرضا سلیمی,Q25938153,2020-05-27,,Q52295880-1717A87C-458C-495B-A900-B6006B50E165
Q5331967,ابراهیم عزیزی,Q28712715,2020-05-27,,Q5331967-C1EAD1A4-E4E2-4C6B-B281-4D5E3CD04171
Q5331967,ابراهیم عزیزی,Q28712651,2020-05-27,,Q5331967-C7327348-0FDD-4429-99D6-3613F8387E2A
Q5347214,عفت شریعتی کوه بنانی,Q28712711,2020-05-27,,Q5347214-7530C15B-38C0-4FC6-A54F-573D328B64CC
Q542074,محمدباقر قالیباف,Q21177771,2020-05-27,,Q542074-C1556B96-098F-4E3E-9BAB-CF3E9B5FC26F
Q5644561,حمیدرضا حاجیبابایی,,2016,,Q5644561-5556032d-4ec3-a843-80fd-627d93aef592
Q5701584,بیژن نوباوه,Q21177771,2020-05-27,,Q5701584-3D24E84A-4E23-4796-8F0C-EDE1A760393C
Q5703328,علی زنجانی حسنلوئی,Q25433597,2020-05-27,,Q5703328-369374DB-1A36-4215-AF59-2D0A180C607B
Q5720215,سید سلمان ذاکر,Q24175791,2020-05-27,,Q5720215-9C7D2D35-6C83-45DF-9059-E686A4E237DF
Q5821032,الیاس نادران,Q21177771,2020-05-27,,Q5821032-62FA95AC-1448-4A38-81AD-F9B67C43DE48
Q5872707,فداحسین مالکی,Q28712634,2020-05-27,,Q5872707-DCEF8169-451D-4685-A53B-9DA8807E1649
Q5889605,احمد دنیامالی,Q16046995,2020-05-27,,Q5889605-1F1F5D35-7674-4F18-A594-C7AF2D5CF784
Q5920325,سید محمدرضا میرتاجالدینی,Q20729886,2020-05-27,,Q5920325-91EAC2D7-AEF9-4FBB-AEB3-A9A3A7C43E0E
Q5924956,سید رضا تقوی,Q21177771,2020-05-27,,Q5924956-3DAF74FF-6A7B-4CF2-97CF-7B38FD5AF566
Q5933752,مسعود پزشکیان,Q20729886,2020-05-27,,Q5933752-6FC4F62D-658E-4823-A984-8DDF8ED982B3
Q5940798,محمدمهدی مفتح,Q25433504,2020-05-27,,Q5940798-B8AB87FA-6EF8-4252-BDEA-E0E67CFB0E61
Q5945593,نصرالله پژمانفر,Q25433746,2020-05-27,,Q5945593-92DE78EA-8D5E-4B6A-BD80-6DCB0AD5440A
Q5948321,محمدحسین فرهنگی,Q20729886,2020-05-27,,Q5948321-A114BB4D-0BAF-44FB-BF42-72D8B11349DA
Q5950108,علیرضا زاکانی,Q25432783,2020-05-27,2021-08-14,Q5950108-ED70AD13-1C16-43F4-9517-7948A4DE4F10
Q5951033,حسینعلی شهریاری,Q28712634,2020-05-27,,Q5951033-A8CA12D8-0F73-4BC7-8D1F-08458B8E3461
Q5953875,حبیبالله دهمرده,Q28712633,2020-05-27,,Q5953875-C9C9D46E-3BCB-456E-A360-A44E1CF9EEC5
Q5954492,علیرضا بیگی,Q20729886,2020-05-27,,Q5954492-825C9126-3F5C-4D15-B5DB-33A177E50229
Q5955497,سید ناصر موسوی لارگانی,Q23682869,2020-05-27,,Q5955497-6A1C4FF6-11BD-4B3C-AA2A-2B96928EC311
Q5956077,سید مصطفی میرسلیم,Q21177771,2020-05-27,,Q5956077-F2674479-2F4D-4F74-AAF5-417A18EE61DA
Q5956334,فرهاد بشیری,Q25432990,2020-05-27,,Q5956334-F66EB821-C0E8-43B6-9BCE-261BE56722A8
Q5956563,محمدصالح جوکار,Q25433128,2020-05-27,,Q5956563-DEE9F780-6FAE-4C45-BD71-5B9A89FC70D0
Q6362752,اسفندیار اختیاری,Q25433337,2020-05-27,,Q6362752-D2F85F12-D6B4-4B7A-B16D-1AB99E8A4BC0
Q85966740,آرا شاوردیان,Q25433333,2020-05-27,,Q85966740-A3AE4792-E270-4292-BFF2-284568903754
Q85966943,احمد راستینه هفشجانی,Q25432998,2020-05-27,,Q85966943-F454A328-A9DB-41D3-BA5E-67DD0044AEB6
Q85968126,بهروز محبی نجمآبادی,Q24175823,2020-05-27,,Q85968126-086EDC73-BC97-416F-93D5-1D92FE28F746
Q85971172,رضا حاجیپور,Q26253603,2020-05-27,,Q85971172-22739748-1407-41A6-A23F-4FD7D4115951
Q85971496,زهره سادات لاجوردی,Q21177771,2020-05-27,,Q85971496-024AE03B-3421-49D9-8529-4F5F025D0B94
Q85972102,سید مسعود خاتمی,Q23682838,2020-05-27,,Q85972102-9B59EF8F-2202-4D24-B545-A6EBAB8F8190
Q85973062,علیرضا شهبازی,Q25433516,2020-05-27,,Q85973062-C27D8181-0BDD-45D7-B24A-536BB0C983F5
Q85973082,علیرضا ورناصری,Q23682790,2020-05-27,,Q85973082-290D27E4-943E-4942-87C2-330A9C4DC044
Q85973084,علیرضا پاک فطرت,Q28712651,2020-05-27,,Q85973084-70F39BE2-8501-4BA1-8850-EB0A65BB6766
Q85974602,محمدعلی محسنی بندپی,Q26253598,2020-05-27,,Q85974602-7DB872DF-585D-402D-BF4A-85A8BA4DC042
Q86451607,فاطمه محمدبیگی,Q26207284,2020-05-27,,Q86451607-0216E09A-6C18-44C0-BFAC-638ED96C972D
Q86451635,جلال رشیدی کوچی,,2017,,Q86451635-cee32355-4b7a-cca4-668d-e88f436b4b52
Q86451665,حسین حسینزاده,Q26207272,2020-05-27,,Q86451665-5A9A6878-7707-4935-B09F-5A50FA28147E
Q86451669,ملک فاضلی,Q28712628,2020-05-27,,Q86451669-3E6B85A5-DCF4-4229-969B-BAAB5FD2E9A6
Q86451893,لطفالله سیاه کلی,Q26207284,2020-05-27,,Q86451893-5DC5FEA4-B64F-447F-8F75-143106645D72
Q86452082,محمد سرگزی,Q28712633,2020-05-27,,Q86452082-6DBB1271-AB37-40D6-8D53-F12D2DECDADE
Q86452159,معینالدین سعیدی,Q28712632,2020-05-27,,Q86452159-4D2C67EA-18A0-4C1C-8DBD-5522CD7B5FD1
Q86452401,اسماعیل حسینزهی,Q28712635,2020-05-27,,Q86452401-79AC5711-FE6B-44CA-81B1-C88E55A72AB1
Q86452410,هادی بیگینژاد,Q25433522,2020-05-27,,Q86452410-976747B4-C72A-47F7-B260-03F820814D6E
Q86452413,کیومرث سرمدی,Q25433500,2020-05-27,,Q86452413-FB83A7EA-FDDA-445C-9696-4662B5B83321
Q86457906,مجید نصیرایی,Q22001224,2020-05-27,,Q86457906-E0A2E46D-6AE8-4535-A31C-9F26EEF29D9E
Q86457956,سلمان اسحاقی,Q25433154,2020-05-27,,Q86457956-6CEBC96C-EE61-40D0-B930-ADE7E88F57B0
Q86457983,مصطفی نخعی,Q25433151,2020-05-27,,Q86457983-DDECDACB-7BA5-4463-B2B8-487AE7ADACA3
Q86458009,حسین خسروی اسفراز,Q25433148,2020-05-27,,Q86458009-3342CDDC-3FC1-4718-8274-DBE0FABE4B27
Q86458039,حسین بامیری,Q25433001,2020-05-27,,Q86458039-42FB86B2-9962-4D58-BE72-EADA15C218BC
Q86458066,حسین حقوردی,Q25432993,2020-05-27,,Q86458066-674926BB-4A46-40B6-AB9E-007883B3AEDC
Q86458117,امیرقلی جعفری بروجنی,Q25433000,2020-05-27,,Q86458117-886CA7A7-6CE4-4E53-BE84-BE04BD06E798
Q86458132,احمدحسین فلاحی,Q25433509,2020-05-27,,Q86458132-B91E449D-2E33-4870-B08B-CDB01B1ABB45
Q86458138,حسین رئیسی,Q28712725,2020-05-27,,Q86458138-E9FB3EB9-FEB1-4717-95B6-997FA61210DC
Q86458142,محمد سبزی,Q25938152,2020-05-27,,Q86458142-1040E9DB-AEA5-43BE-95AF-F2F25496CEBA
Q86458156,علیاصغر باقرزاده,Q26253600,2020-05-27,,Q86458156-0C91B0C5-A060-4837-9771-51AD8A3A5E81
Q86458158,کیوان مرادیان کوچکسرایی,Q25433051,2020-05-27,,Q86458158-2F9FE9AA-9524-4A2A-98B7-934EBCDEEDBD
Q86458177,مهدی سعادتی,Q24175819,2020-05-27,,Q86458177-7B1D9C15-AC02-4079-8924-73D48BB5BEBD
Q86458182,عبدالناصر درخشان,Q28712631,2020-05-27,,Q86458182-6554D858-778C-4369-9529-162B2C739B81
Q86458186,اردشیر مطهری,Q22909991,2020-05-27,,Q86458186-848EA14C-067A-4E71-B33F-C83BA46FB895
Q86458322,علیاصغر خانی,Q22909993,2020-05-27,,Q86458322-4B03A58B-9902-482E-92AE-ED5C8D7128E8
Q86458464,عباس گلرو,Q22909995,2020-05-27,,Q86458464-4648CB2E-A47D-4EEE-923D-5AF87A96268E
Q86494823,سید البرز حسینی,Q25433681,2020-05-27,,Q86494823-BB24DD2F-5F75-4E36-A54A-FBD770A48939
Q86495131,حسن شجاعی علیآبادی,Q25433690,2020-05-27,,Q86495131-63204CD6-B0D3-46F9-AC3B-247BAC504477
Q86495156,مصطفی طاهری,Q25433683,2020-05-27,,Q86495156-7D4440A9-109E-4BD4-8FF5-26557A4CAEC3
Q86495196,محمد کعب عمیر,Q23682794,2020-05-27,,Q86495196-3B2A83AB-352A-4A2E-B87F-CAA127F66AC9
Q86495279,ابراهیم متینیان,Q23682792,2020-05-27,,Q86495279-710902AA-CCAB-4C72-BBFC-21C494024F6B
Q86495405,سید لفته احمدنژاد,Q23682797,2020-05-27,,Q86495405-79341EA9-3531-4F35-96D3-1E049C0CA6A8
Q86495485,محمدطلا مظلومی,Q25433242,2020-05-27,,Q86495485-653A18E4-C40A-4668-9F58-4D9AC68E2E7B
Q86495535,عبدالله ایزدپناه,Q25433231,2020-05-27,,Q86495535-08014065-A607-4184-8189-BA6A440CD709
Q86495675,سید مجتبی محفوظی,Q25433228,2020-05-27,,Q86495675-1E393A9D-A683-4D91-BCAF-671A719B82DF
Q86495721,مجتبی یوسفی,Q25433229,2020-05-27,,Q86495721-A7C919AC-EA80-46BF-8170-FA3DE4605447
Q86495812,سید کریم حسینی,Q25433229,2020-05-27,,Q86495812-9C06F6B6-D906-4C17-AB5F-1B364DF7578B
Q86495830,علی جدی,Q28712618,2020-05-27,,Q86495830-44DAB313-8980-4D55-B19E-741C80065F4B
Q86495960,امانالله حسینپور,Q28712620,2020-05-27,,Q86495960-A7B97924-9AF3-4E24-8DE2-595FE139D748
Q86496291,محمد وحیدی,Q28712616,2020-05-27,,Q86496291-F6A8251D-F993-4E93-90D5-1F95B2F09E50
Q86496331,سید محمد پاکمهر,Q28712616,2020-05-27,,Q86496331-00282817-0021-4709-8424-8FA4FDAB54F9
Q86496488,علی آذری,Q25433761,2020-05-27,,Q86496488-DACB6EE4-0123-4879-8CB0-3783F155F005
Q86496554,احسان ارکانی,Q5943900,2020-05-27,,Q86496554-FB99FC89-D927-411F-8C18-5A35C12D6741
Q86496828,محمد صفایی دلوئی,Q25433770,2020-05-27,,Q86496828-FFDFA85B-B973-4144-82B0-C163B7BBF42A
Q86496909,جواد نیکبین,Q25433799,2020-05-27,,Q86496909-32B51DB5-6C3F-4D41-8CFE-D0156C19AA58
Q86501343,اکبر احمدپور,Q25433774,2020-05-27,,Q86501343-93950928-D4C5-4C5C-AF18-3F45638175F7
Q86501624,حسین عباسزاده امامی,Q25433755,2020-05-27,,Q86501624-F2B53EDD-0E2F-42E1-9EEF-173DD6D4729D
Q86501874,محسن زنگنه,Q25433752,2020-05-27,,Q86501874-51941687-10D4-43F2-B9BB-667A20EF88D0
Q86501951,فاطمه رحمانی,Q25433746,2020-05-27,,Q86501951-7E8D749E-D03D-4233-9AF4-AD72AF0B4046
Q86502277,محمدمهدی فروردین,Q26207269,2020-05-27,,Q86502277-C059275D-9CBB-4B69-BDE8-760556DE05EE
Q86502408,حجتالله فیروزی,Q26207276,2020-05-27,,Q86502408-7B37A39A-AED0-41AA-AD7D-3848F40C6445
Q86502836,عبدالعلی رحیمی مظفری,Q26207275,2020-05-27,,Q86502836-36B8FDF8-C584-4D50-AA1F-3E2EBA512000
Q86653449,روحالله متفکر آزاد,Q20729886,2020-05-27,,Q86653449-BC72B12E-5E21-4679-A241-1DF29016F1B6
Q86653695,معصومه پاشایی بهرام,Q25433251,2020-05-27,,Q86653695-4B33CC75-A951-43D8-8C91-55268DD077EF
Q86653817,مهدی اسماعیلی,Q25433260,2020-05-27,,Q86653817-54D0AD88-B163-421F-9CF8-13C5F443B030
Q86653977,جعفر راستی,Q25433265,2020-05-27,,Q86653977-EE47C99D-E453-41F9-A88C-581AFC891E67
Q86654208,احمد محرمزاده یخفروزان,Q25433254,2020-05-27,,Q86654208-B7AB1914-4B1B-4F17-AC44-E9486E4AB010
Q86654332,عادل نجفزاده,Q25433587,2020-05-27,,Q86654332-FA35019C-EE48-4F1F-AA51-C2E343A0171E
Q86654442,یعقوب رضازاده,Q25433573,2020-05-27,,Q86654442-8B93EF9B-09D1-42B8-95A8-31D5C2B3CED4
Q86654625,محسن علیزاده,Q26207277,2020-05-27,,Q86654625-7E916B46-1EFF-458A-A6A1-31F79631E1EE
Q86684180,حسن همتی,Q109548588,2020-05-27,,Q86684180-E6994DC8-4AB4-4F05-B431-3604E32C1A2B
Q86684432,عباس جهانگیرزاده,Q23682811,2020-05-27,,Q86684432-7C84BC94-750B-4AC8-924E-62D6EDCDBD47
Q86685184,سید غنی نظری خانقاه,Q23682809,2020-05-27,,Q86685184-074C740A-C57B-47CE-98E5-5F9B2167BB5E
Q86685768,امیرحسین بانکی پور فرد,Q25433162,2020-05-27,,Q86685768-CEE06096-FC6D-4E99-8E61-5C7B71F76148
Q86686317,مهدی طغیانی,Q25433162,2020-05-27,,Q86686317-F4E8413E-4BCE-4F55-B05D-DAE77DF2D9D7
Q86687269,محمدجواد عسگری,Q26207278,2020-05-27,,Q86687269-0451E0E7-A5D6-49F3-9202-1D5D5E9BE03D
Q86687482,علیاکبر علیزاده برمی,Q22909992,2020-05-27,,Q86687482-0698707C-B5DE-4F26-9BBA-EE21169DAE5E
Q86687727,فرهاد طهماسبی,Q28712654,2020-05-27,,Q86687727-6DD742E3-5B23-4FC0-A8FC-DF959C5A586E
Q86688984,غلامحسین رضوانی,Q21177771,2020-05-27,,Q86688984-2B72B2BD-EF52-480F-9B24-14FF1AAFE5F2
Q86689228,مجتبی رضاخواه,Q21177771,2020-05-27,,Q86689228-FC2AAA75-A392-429E-8723-25657E4DE73A
Q86689406,فاطمه قاسمپور,Q21177771,2020-05-27,,Q86689406-4D3B817C-EB90-48F8-855C-0A82E2B9610C
Q86689680,علی خضریان,Q21177771,2020-05-27,,Q86689680-F07146BE-EE62-48A5-B51A-D9588F96241F
Q86690219,سید علی یزدیخواه,Q21177771,2020-05-27,,Q86690219-B80C3754-6E94-4907-9F78-B0A526AF6A9E
Q86690463,سمیه رفیعی,Q21177771,2020-05-27,,Q86690463-AB1285B2-731A-4FFA-ABAE-4D1FCE864371
Q86690897,مالک شریعتی,Q21177771,2020-05-27,,Q86690897-53D2F278-0E36-4805-AA5B-8F3C7D15A0B6
Q86709406,سید نظامالدین موسوی,Q21177771,2020-05-27,,Q86709406-D7F88FC6-26F0-4A27-A7D4-0CD029DAF6B5
Q86709770,احمد نادری,Q21177771,2020-05-27,,Q86709770-D4225BAA-8D2B-4384-9085-1ED28257A757
Q86709947,روحالله ایزدخواه,Q21177771,2020-05-27,,Q86709947-992ADD3B-C31D-46E1-B3BC-B267D51098E6
Q86710121,مجتبی توانگر,Q21177771,2020-05-27,,Q86710121-BE4CE827-4E12-4436-9BA3-517E298BC096
Q86710249,ابوالفضل عمویی,Q21177771,2020-05-27,,Q86710249-BA42EB61-AEB0-4FB7-8D20-67627594BA54
Q86710375,اقبال شاکری,Q21177771,2020-05-27,,Q86710375-6BF54AB5-2194-4DD2-81AF-6D5A844E6C4D
Q86710817,سید احسان خاندوزی,Q21177771,2020-05-27,,Q86710817-77AD6A73-ABBE-4371-ADC8-C3D054FEA563
Q86794569,رحمتالله فیروزی پوربادی,Q25433224,2020-05-27,,Q86794569-C8B7A227-9891-4DBE-B2D9-5DCB3322A4AE
Q86795134,الهام آزاد,Q23682835,2020-05-27,,Q86795134-DEBB78B2-BF2F-4246-B0A2-7B610E1F5C1E
Q86795440,پروین صالحی مبارکه,Q23682836,2020-05-27,,Q86795440-589BEA8E-A3C2-44F6-B785-4664C769D053
Q86796515,محمدتقی نقدعلی,Q25433212,2020-05-27,,Q86796515-B92EAB8A-8272-49DC-95B1-16EF87FEEBC4
Q86797324,زهراا شییخیی مببارکه,Q25433162,2020-05-27,,Q86797324-1F076DDE-8E82-4280-B659-193214EAF4AA
Q86797851,حسین میرزایی,Q25433162,2020-05-27,,Q86797851-4A50D758-489D-4AE6-851C-7C0D85C6D37B
Q86798264,مهدی عسگری,Q22001293,2020-05-27,,Q86798264-5D119CC1-405F-475C-8827-6D495096A43C
Q86798597,علی حدادی,Q22001292,2020-05-27,,Q86798597-3506428C-314A-47AD-A507-B0A3DBBED1BE
Q86800976,سارا فلاحی,Q25433614,2020-05-27,,Q86800976-222888C5-5B5A-4E4E-B597-1B5DD12B94C3
Q86801324,مرتضی محمودوند,Q28712778,2020-05-27,,Q86801324-A2F6FCC4-3ACB-4B5D-AB5A-DDFA22C81DE7
Q86801633,مهرداد ویسکرمی,Q28712778,2020-05-27,,Q86801633-4D37D34D-FE83-4A51-B83C-D1C153F5F66D
Q86801922,فاطمه مقصودی,Q28712780,2020-05-27,,Q86801922-A96EF17B-FB53-4958-BAD7-7A61AFE87BBD
Q86802215,یحیی ابراهیمی,Q28712781,2020-05-27,,Q86802215-6B4A587C-51E5-458F-9A7B-0A843A6C3508
Q86803469,محمدرضا مبلغی,Q56365730,2020-05-27,,Q86803469-385FFA80-5015-43A9-AF7D-61A9B28887D0
Q86803706,ولیالله فرزانه,Q26253599,2020-05-27,,Q86803706-DD2FB5BF-5760-4E99-9294-6C221D0ABE06
Q86804104,حسین گودرزی,Q28712783,2020-05-27,,Q86804104-48753807-EE1A-4189-BE8E-D96DF7B7B74B
Q86804332,سینا کمالخانی,Q25938144,2020-05-27,,Q86804332-778B12F9-DFFC-4134-A5C0-05ACCB6A439D
Q9632248,عباس مقتدایی,Q25433162,2020-05-27,,Q9632248-3783C6D2-0548-4D52-BB01-FD3CB74C6404
Q97191351,همایون سامهیح نجفآبادی,Q25433343,2020-05-27,,Q97191351-9F3E7848-D577-4DA5-BCC2-085482650334
Q97192769,علیرضا نظری,Q25433729,2020-05-27,,Q97192769-AA295521-806F-4E2E-BD99-338D647D3775
Q97203335,آرش زرهتن لهونی,Q28712719,2020-05-27,,Q97203335-100D748F-23D8-4A3A-B4B3-B7EE25FC83FC
Q97203486,امان قلیج شادمهر,Q25425003,2020-05-27,,Q97203486-F74BD4D2-67AA-4554-BF4B-302E26164A80
Q97203720,بهزاد رحیمی,Q28712690,2020-05-27,,Q97203720-7E1CCE7B-5E43-472A-AC0A-E69804FA4CCB
Q97204038,حسن محمدیاری,Q28712776,2020-05-27,,Q97204038-5220117E-B21F-49F2-A7EC-18428CB9034E
Q97204051,حسین جلالی,Q28712709,2020-05-27,,Q97204051-73C00BD4-DF92-4E25-8AC5-C9E01C81B573
Q97204261,ذبیحالله اعظمی ساردویی,Q28712710,2020-05-27,,Q97204261-084BD4F2-EE02-44E5-BB14-3750E2F80ADF
Q97204344,رضا آریانپور,Q25424835,2020-05-27,,Q97204344-50A6602E-F231-4907-BEEB-9D0B15DFCAF8
Q97204376,رمضانعلی سنگدوینی,Q25424834,2020-05-27,,Q97204376-E062D9E3-1963-4DF3-AF36-0868C04F65F2
Q97204557,شهریار حیدری,Q28712721,2020-05-27,,Q97204557-F54C2446-1F39-44AC-89F4-70EE7EC334E2
Q97204589,شیوا قاسمیپور,Q28712691,2020-05-27,,Q97204589-95B200F3-75FE-4F4A-BE58-91BE981297F1
Q97204609,صمدالله محمدی,Q65195238,2020-05-27,,Q97204609-798DD56C-6B74-4EC9-B158-9E7228C6014D
Q97204849,غلامرضا مرحبا,Q16046985,2020-05-27,,Q97204849-df24dd83-44ef-7366-004f-17d69953a855
Q97204860,غلامرضا منتظری,Q25424834,2020-05-27,,Q97204860-F1F0B496-080F-496D-A2E9-A26E62E44BCB
Q97205090,محسن فتحی,Q28712688,2020-05-27,,Q97205090-014F467D-2B4F-4FBD-B39E-F25245EE3FA6
Q97205160,محمد رشیدی,Q28712715,2020-05-27,,Q97205160-9D32AC5A-31D4-4D5C-97E3-11FF41A8629D
Q97205172,محمد صفری ملکیان,Q28712772,2020-05-27,,Q97205172-DD2744E2-CBA0-493C-81DB-CAFACFEB542F
Q97205282,مسلم صالحی,Q28712653,2020-05-27,,Q97205282-3EA69682-FCBC-460E-802B-D15B8C42D2A0
Q97205323,منصور شکراللهی,Q28712712,2020-05-27,,Q97205323-EFC1B2DD-538F-4870-BD56-DE48CDC27718
Q97205353,مهدی روشنفکر,Q25433284,2020-05-27,,Q97205353-6D2C5DC6-CC4B-4BE2-B7ED-C1E293D0A09D
Q97205376,مهرداد گودرزوند چگینی,Q28712773,2020-05-27,,Q97205376-DFD91AC4-986B-4AD3-9436-39AC3C0AD498
Q97205577,پرویز اوسطی,Q28712692,2020-05-27,,Q97205577-B45BE43A-30D3-483A-B12D-CEA192E2CA25
Q97205586,پرویز محمدنژاد قاضیمحله,Q28712777,2020-05-27,,Q97205586-D0095C01-F850-409B-A276-54FAF505FD3E
Q97205699,کمال حسینپور,Q25433576,2020-05-27,,Q97205699-AA53F9E8-F825-4623-A30B-E345685B9177
Q97213706,خلیل بهروزیفر,Q28712775,2020-05-27,,Q97213706-A1FFDB6A-9B99-4EDA-9BC6-E3B11F010633
Q97218714,رسول فرخی میکال,Q5767826,2020-05-27,,Q97218714-E78D05C6-04FE-495F-8918-1D13FCA65023
Q97218862,شارلی انویه تکیه,Q25433344,2020-05-27,,Q97218862-3BA63EE6-EA1C-4B8A-98B4-A14731868F1D
Q97219149,غلامحسین کرمی,Q24043500,2020-05-27,,Q97219149-FDC1E57C-98DD-4E08-AAFF-DECFDA8265DD
Q97219350,مجید انصاری,Q26207273,2020-05-27,,Q97219350-AAA8851B-6D4E-4F3C-BAD2-B6F4EC92D0F3
Q97220150,حسین محمدصالحی,Q25433215,2020-05-27,,Q97220150-48DE98E3-8C3D-4E16-B844-9D65044C387B
Q97220204,روحالله نجابت,Q28712651,2020-05-27,,Q97220204-8BCDCB55-39E3-4B29-B5EF-774F63A33256
Q97220253,سید محسن دهنوی,Q21177771,2020-05-27,,Q97220253-6B19C0B5-38CA-4BDF-B530-8379AA298C35
Q97220264,سید محمد مولوی,Q25433228,2020-05-27,,Q97220264-6F2F369C-9C50-4290-B4F6-3D04181FBD9A
Q97220321,علی بابایی کارنامی,Q26253604,2020-05-27,,Q97220321-98BCA3A7-3DA5-4CD2-AD41-EAC8AEEADADC
Q97220367,قدرتالله حمزه,Q25433002,2020-05-27,,Q97220367-9170C703-3F8A-457D-9BEF-C6DF08A9F33D
Q97220492,منصورعلی زارعی,Q26253604,2020-05-27,,Q97220492-8C9D8268-E1F7-4B8A-B6F9-50D8CA92D119
Q97220509,مهدی شریفیان,Q21177771,2020-05-27,,Q97220509-25E7AA01-21ED-453D-82B0-F7FED8326A30
Q97304900,محمدرضا احمدی سنگری,Q5702688,2020-05-27,,Q97304900-4341B988-5B5B-4634-89F3-0C7B27219065
Q97305096,علیاکبر بسطامی,Q25433614,2020-05-27,,Q97305096-4ED2CD75-E15B-45C8-BC23-FA5A84293E3A
Q98079570,علی رضایی,Q28712722,2020-05-27,,Q98079570-61E7736F-2472-4AED-B4EF-1D08C2B32B2D
